Sample Group,Filename,Read Count
D18-2659,,
,180327Ess_D18-2659_1P.fastq,9688759
,180327Ess_D18-2659_2P.fastq,9688759
,180327Ess_D18-2659.assembled.fastq,6419514
,180327Ess_D18-2659.unassembled.forward.fastq,3269245
,180327Ess_D18-2659.unassembled.reverse.fastq,3269245
,D18-2659_AAC_AXA.matched.fastq,14565
,D18-2659_AAC_AXC.matched.fastq,10639
,D18-2659_AAC_AXG.matched.fastq,9446
,D18-2659_AAC_AXT.matched.fastq,14874
,D18-2659_AAC_CXA.matched.fastq,12170
,D18-2659_AAC_CXC.matched.fastq,9121
,D18-2659_AAC_CXG.matched.fastq,7842
,D18-2659_AAC_CXT.matched.fastq,14155
,D18-2659_AAC_GXA.matched.fastq,7331
,D18-2659_AAC_GXC.matched.fastq,9176
,D18-2659_AAC_GXG.matched.fastq,6992
,D18-2659_AAC_GXT.matched.fastq,12438
,D18-2659_AAC_TXA.matched.fastq,16986
,D18-2659_AAC_TXC.matched.fastq,12305
,D18-2659_AAC_TXG.matched.fastq,10592
,D18-2659_AAC_TXT.matched.fastq,16170
,D18-2659_ACT_AXA.matched.fastq,50940
,D18-2659_ACT_AXC.matched.fastq,42797
,D18-2659_ACT_AXG.matched.fastq,25724
,D18-2659_ACT_AXT.matched.fastq,44209
,D18-2659_ACT_CXA.matched.fastq,43956
,D18-2659_ACT_CXC.matched.fastq,35785
,D18-2659_ACT_CXG.matched.fastq,14166
,D18-2659_ACT_CXT.matched.fastq,50639
,D18-2659_ACT_GXA.matched.fastq,17959
,D18-2659_ACT_GXC.matched.fastq,34663
,D18-2659_ACT_GXG.matched.fastq,5074
,D18-2659_ACT_GXT.matched.fastq,42360
,D18-2659_ACT_TXA.matched.fastq,62084
,D18-2659_ACT_TXC.matched.fastq,46773
,D18-2659_ACT_TXG.matched.fastq,21808
,D18-2659_ACT_TXT.matched.fastq,30580
,D18-2659_AGA_AXA.matched.fastq,16706
,D18-2659_AGA_AXC.matched.fastq,12256
,D18-2659_AGA_AXG.matched.fastq,10866
,D18-2659_AGA_AXT.matched.fastq,16193
,D18-2659_AGA_CXA.matched.fastq,14996
,D18-2659_AGA_CXC.matched.fastq,11018
,D18-2659_AGA_CXG.matched.fastq,9388
,D18-2659_AGA_CXT.matched.fastq,17969
,D18-2659_AGA_GXA.matched.fastq,9142
,D18-2659_AGA_GXC.matched.fastq,10985
,D18-2659_AGA_GXG.matched.fastq,8284
,D18-2659_AGA_GXT.matched.fastq,14358
,D18-2659_AGA_TXA.matched.fastq,21157
,D18-2659_AGA_TXC.matched.fastq,15583
,D18-2659_AGA_TXG.matched.fastq,13066
,D18-2659_AGA_TXT.matched.fastq,20901
,D18-2659_ATG_GXC.matched.fastq,1
,D18-2659_ATG_GXT.matched.fastq,1
,D18-2659_CAT_AXA.matched.fastq,42396
,D18-2659_CAT_AXC.matched.fastq,32065
,D18-2659_CAT_AXG.matched.fastq,21740
,D18-2659_CAT_AXT.matched.fastq,38972
,D18-2659_CAT_CXA.matched.fastq,27622
,D18-2659_CAT_CXC.matched.fastq,20886
,D18-2659_CAT_CXG.matched.fastq,12171
,D18-2659_CAT_CXT.matched.fastq,29147
,D18-2659_CAT_GXA.matched.fastq,9387
,D18-2659_CAT_GXC.matched.fastq,24224
,D18-2659_CAT_GXG.matched.fastq,3283
,D18-2659_CAT_GXT.matched.fastq,32923
,D18-2659_CAT_TXA.matched.fastq,37458
,D18-2659_CAT_TXC.matched.fastq,24260
,D18-2659_CAT_TXG.matched.fastq,17754
,D18-2659_CAT_TXT.matched.fastq,25914
,D18-2659_CGG_AXA.matched.fastq,15803
,D18-2659_CGG_AXC.matched.fastq,12110
,D18-2659_CGG_AXG.matched.fastq,12147
,D18-2659_CGG_AXT.matched.fastq,16142
,D18-2659_CGG_CXA.matched.fastq,13165
,D18-2659_CGG_CXC.matched.fastq,9275
,D18-2659_CGG_CXG.matched.fastq,10072
,D18-2659_CGG_CXT.matched.fastq,15880
,D18-2659_CGG_GXA.matched.fastq,7827
,D18-2659_CGG_GXC.matched.fastq,10928
,D18-2659_CGG_GXG.matched.fastq,7712
,D18-2659_CGG_GXT.matched.fastq,13563
,D18-2659_CGG_TXA.matched.fastq,17654
,D18-2659_CGG_TXC.matched.fastq,11599
,D18-2659_CGG_TXG.matched.fastq,12991
,D18-2659_CGG_TXT.matched.fastq,16338
,D18-2659_GGC_AXA.matched.fastq,53075
,D18-2659_GGC_AXC.matched.fastq,46605
,D18-2659_GGC_AXG.matched.fastq,25985
,D18-2659_GGC_AXT.matched.fastq,48888
,D18-2659_GGC_CXA.matched.fastq,23972
,D18-2659_GGC_CXC.matched.fastq,34480
,D18-2659_GGC_CXG.matched.fastq,10980
,D18-2659_GGC_CXT.matched.fastq,53199
,D18-2659_GGC_GXA.matched.fastq,14909
,D18-2659_GGC_GXC.matched.fastq,38062
,D18-2659_GGC_GXG.matched.fastq,5676
,D18-2659_GGC_GXT.matched.fastq,46132
,D18-2659_GGC_TXA.matched.fastq,58749
,D18-2659_GGC_TXC.matched.fastq,42640
,D18-2659_GGC_TXG.matched.fastq,19580
,D18-2659_GGC_TXT.matched.fastq,30751
,D18-2659_TAG_AXA.matched.fastq,14
,D18-2659_TAG_AXC.matched.fastq,12
,D18-2659_TAG_AXG.matched.fastq,9
,D18-2659_TAG_AXT.matched.fastq,19
,D18-2659_TAG_CXA.matched.fastq,10
,D18-2659_TAG_CXC.matched.fastq,15
,D18-2659_TAG_CXG.matched.fastq,9
,D18-2659_TAG_CXT.matched.fastq,20
,D18-2659_TAG_GXA.matched.fastq,1
,D18-2659_TAG_GXC.matched.fastq,8
,D18-2659_TAG_GXG.matched.fastq,5
,D18-2659_TAG_GXT.matched.fastq,5
,D18-2659_TAG_TXA.matched.fastq,30
,D18-2659_TAG_TXC.matched.fastq,13
,D18-2659_TAG_TXG.matched.fastq,7
,D18-2659_TAG_TXT.matched.fastq,14
D18-2660,,
,180327Ess_D18-2660_1P.fastq,7941304
,180327Ess_D18-2660_2P.fastq,7941304
,180327Ess_D18-2660.assembled.fastq,5052230
,180327Ess_D18-2660.unassembled.forward.fastq,2889074
,180327Ess_D18-2660.unassembled.reverse.fastq,2889074
,D18-2660_AAC_TXT.matched.fastq,94589
,D18-2660_ACT_TXT.matched.fastq,205171
,D18-2660_AGA_TXT.matched.fastq,107518
,D18-2660_ATG_TXT.matched.fastq,55
,D18-2660_CAT_TXT.matched.fastq,247009
,D18-2660_CGG_TXT.matched.fastq,174067
,D18-2660_GGC_TXT.matched.fastq,314067
,D18-2660_TAG_TXT.matched.fastq,127
D18-2661,,
,180327Ess_D18-2661_1P.fastq,7505819
,180327Ess_D18-2661_2P.fastq,7505819
,180327Ess_D18-2661.assembled.fastq,5140799
,180327Ess_D18-2661.unassembled.forward.fastq,2365020
,180327Ess_D18-2661.unassembled.reverse.fastq,2365020
,D18-2661_AAC_TXA.matched.fastq,14151
,D18-2661_AAC_TXC.matched.fastq,43872
,D18-2661_AAC_TXG.matched.fastq,20735
,D18-2661_AAC_TXT.matched.fastq,69376
,D18-2661_ACT_TXA.matched.fastq,90775
,D18-2661_ACT_TXC.matched.fastq,67991
,D18-2661_ACT_TXG.matched.fastq,87249
,D18-2661_ACT_TXT.matched.fastq,75526
,D18-2661_AGA_TXA.matched.fastq,14714
,D18-2661_AGA_TXC.matched.fastq,45923
,D18-2661_AGA_TXG.matched.fastq,22275
,D18-2661_AGA_TXT.matched.fastq,74197
,D18-2661_ATG_TXG.matched.fastq,1
,D18-2661_CAT_TXA.matched.fastq,87278
,D18-2661_CAT_TXC.matched.fastq,58629
,D18-2661_CAT_TXG.matched.fastq,84591
,D18-2661_CAT_TXT.matched.fastq,64322
,D18-2661_CGG_TXA.matched.fastq,15385
,D18-2661_CGG_TXC.matched.fastq,43056
,D18-2661_CGG_TXG.matched.fastq,28196
,D18-2661_CGG_TXT.matched.fastq,71480
,D18-2661_GGC_TXA.matched.fastq,140622
,D18-2661_GGC_TXC.matched.fastq,105639
,D18-2661_GGC_TXG.matched.fastq,139691
,D18-2661_GGC_TXT.matched.fastq,118518
,D18-2661_TAG_TXA.matched.fastq,14
,D18-2661_TAG_TXC.matched.fastq,59
,D18-2661_TAG_TXG.matched.fastq,16
,D18-2661_TAG_TXT.matched.fastq,86
D18-2662,,
,180327Ess_D18-2662_1P.fastq,8824757
,180327Ess_D18-2662_2P.fastq,8824757
,180327Ess_D18-2662.assembled.fastq,6484174
,180327Ess_D18-2662.unassembled.forward.fastq,2340583
,180327Ess_D18-2662.unassembled.reverse.fastq,2340583
,D18-2662_AAC_AXGA.matched.fastq,11484
,D18-2662_AAC_AXGC.matched.fastq,5475
,D18-2662_AAC_AXGG.matched.fastq,10725
,D18-2662_AAC_AXGT.matched.fastq,9191
,D18-2662_AAC_CXGA.matched.fastq,34910
,D18-2662_AAC_CXGC.matched.fastq,26207
,D18-2662_AAC_CXGG.matched.fastq,6363
,D18-2662_AAC_CXGT.matched.fastq,7637
,D18-2662_AAC_GXGA.matched.fastq,31641
,D18-2662_AAC_GXGC.matched.fastq,26575
,D18-2662_AAC_GXGG.matched.fastq,2942
,D18-2662_AAC_GXGT.matched.fastq,453
,D18-2662_AAC_TXGA.matched.fastq,39
,D18-2662_AAC_TXGC.matched.fastq,42
,D18-2662_AAC_TXGG.matched.fastq,7209
,D18-2662_AAC_TXGT.matched.fastq,52
,D18-2662_ACT_AXGA.matched.fastq,103169
,D18-2662_ACT_AXGC.matched.fastq,46774
,D18-2662_ACT_AXGG.matched.fastq,21325
,D18-2662_ACT_AXGT.matched.fastq,881
,D18-2662_ACT_CXGA.matched.fastq,57131
,D18-2662_ACT_CXGC.matched.fastq,31981
,D18-2662_ACT_CXGG.matched.fastq,8084
,D18-2662_ACT_CXGT.matched.fastq,675
,D18-2662_ACT_GXGA.matched.fastq,80113
,D18-2662_ACT_GXGC.matched.fastq,39021
,D18-2662_ACT_GXGG.matched.fastq,15210
,D18-2662_ACT_GXGT.matched.fastq,920
,D18-2662_ACT_TXGA.matched.fastq,71343
,D18-2662_ACT_TXGC.matched.fastq,37156
,D18-2662_ACT_TXGG.matched.fastq,11953
,D18-2662_ACT_TXGT.matched.fastq,1787
,D18-2662_AGA_AXGA.matched.fastq,8576
,D18-2662_AGA_AXGC.matched.fastq,4753
,D18-2662_AGA_AXGG.matched.fastq,9684
,D18-2662_AGA_AXGT.matched.fastq,8992
,D18-2662_AGA_CXGA.matched.fastq,33641
,D18-2662_AGA_CXGC.matched.fastq,23105
,D18-2662_AGA_CXGG.matched.fastq,6388
,D18-2662_AGA_CXGT.matched.fastq,6719
,D18-2662_AGA_GXGA.matched.fastq,26955
,D18-2662_AGA_GXGC.matched.fastq,22118
,D18-2662_AGA_GXGG.matched.fastq,2736
,D18-2662_AGA_GXGT.matched.fastq,488
,D18-2662_AGA_TXGA.matched.fastq,47
,D18-2662_AGA_TXGC.matched.fastq,41
,D18-2662_AGA_TXGG.matched.fastq,7493
,D18-2662_AGA_TXGT.matched.fastq,38
,D18-2662_ATG_AXGG.matched.fastq,1
,D18-2662_ATG_GXGA.matched.fastq,1
,D18-2662_CAT_AXGA.matched.fastq,74885
,D18-2662_CAT_AXGC.matched.fastq,33058
,D18-2662_CAT_AXGG.matched.fastq,18656
,D18-2662_CAT_AXGT.matched.fastq,954
,D18-2662_CAT_CXGA.matched.fastq,39201
,D18-2662_CAT_CXGC.matched.fastq,21026
,D18-2662_CAT_CXGG.matched.fastq,7981
,D18-2662_CAT_CXGT.matched.fastq,891
,D18-2662_CAT_GXGA.matched.fastq,54884
,D18-2662_CAT_GXGC.matched.fastq,26490
,D18-2662_CAT_GXGG.matched.fastq,12009
,D18-2662_CAT_GXGT.matched.fastq,1525
,D18-2662_CAT_TXGA.matched.fastq,49441
,D18-2662_CAT_TXGC.matched.fastq,22259
,D18-2662_CAT_TXGG.matched.fastq,10802
,D18-2662_CAT_TXGT.matched.fastq,1974
,D18-2662_CGG_AXGA.matched.fastq,12304
,D18-2662_CGG_AXGC.matched.fastq,6260
,D18-2662_CGG_AXGG.matched.fastq,14180
,D18-2662_CGG_AXGT.matched.fastq,9924
,D18-2662_CGG_CXGA.matched.fastq,22943
,D18-2662_CGG_CXGC.matched.fastq,12533
,D18-2662_CGG_CXGG.matched.fastq,8274
,D18-2662_CGG_CXGT.matched.fastq,6857
,D18-2662_CGG_GXGA.matched.fastq,36819
,D18-2662_CGG_GXGC.matched.fastq,28462
,D18-2662_CGG_GXGG.matched.fastq,2858
,D18-2662_CGG_GXGT.matched.fastq,447
,D18-2662_CGG_TXGA.matched.fastq,39
,D18-2662_CGG_TXGC.matched.fastq,28
,D18-2662_CGG_TXGG.matched.fastq,8723
,D18-2662_CGG_TXGT.matched.fastq,32
,D18-2662_GGC_AXGA.matched.fastq,56452
,D18-2662_GGC_AXGC.matched.fastq,24391
,D18-2662_GGC_AXGG.matched.fastq,12894
,D18-2662_GGC_AXGT.matched.fastq,482
,D18-2662_GGC_CXGA.matched.fastq,28933
,D18-2662_GGC_CXGC.matched.fastq,8848
,D18-2662_GGC_CXGG.matched.fastq,5066
,D18-2662_GGC_CXGT.matched.fastq,479
,D18-2662_GGC_GXGA.matched.fastq,43812
,D18-2662_GGC_GXGC.matched.fastq,20240
,D18-2662_GGC_GXGG.matched.fastq,9300
,D18-2662_GGC_GXGT.matched.fastq,466
,D18-2662_GGC_TXGA.matched.fastq,41452
,D18-2662_GGC_TXGC.matched.fastq,21268
,D18-2662_GGC_TXGG.matched.fastq,7323
,D18-2662_GGC_TXGT.matched.fastq,1025
,D18-2662_TAG_AXGA.matched.fastq,12
,D18-2662_TAG_AXGC.matched.fastq,3
,D18-2662_TAG_AXGG.matched.fastq,7
,D18-2662_TAG_AXGT.matched.fastq,6
,D18-2662_TAG_CXGA.matched.fastq,26
,D18-2662_TAG_CXGC.matched.fastq,18
,D18-2662_TAG_CXGG.matched.fastq,4
,D18-2662_TAG_CXGT.matched.fastq,5
,D18-2662_TAG_GXGA.matched.fastq,33
,D18-2662_TAG_GXGC.matched.fastq,21
,D18-2662_TAG_GXGG.matched.fastq,1
,D18-2662_TAG_GXGT.matched.fastq,4
,D18-2662_TAG_TXGG.matched.fastq,13
,D18-2662_TAG_TXGT.matched.fastq,2
D18-2663,,
,180327Ess_D18-2663_1P.fastq,9700155
,180327Ess_D18-2663_2P.fastq,9700155
,180327Ess_D18-2663.assembled.fastq,6463859
,180327Ess_D18-2663.unassembled.forward.fastq,3236296
,180327Ess_D18-2663.unassembled.reverse.fastq,3236296
,D18-2663_AAC_AXA.matched.fastq,14476
,D18-2663_AAC_AXC.matched.fastq,11972
,D18-2663_AAC_AXG.matched.fastq,45101
,D18-2663_AAC_AXT.matched.fastq,16074
,D18-2663_AAC_CXA.matched.fastq,13948
,D18-2663_AAC_CXC.matched.fastq,10372
,D18-2663_AAC_CXG.matched.fastq,28147
,D18-2663_AAC_CXT.matched.fastq,20098
,D18-2663_AAC_GXA.matched.fastq,8329
,D18-2663_AAC_GXC.matched.fastq,11036
,D18-2663_AAC_GXG.matched.fastq,17354
,D18-2663_AAC_GXT.matched.fastq,16697
,D18-2663_AAC_TXA.matched.fastq,17917
,D18-2663_AAC_TXC.matched.fastq,15140
,D18-2663_AAC_TXG.matched.fastq,34706
,D18-2663_AAC_TXT.matched.fastq,19414
,D18-2663_ACT_AXA.matched.fastq,38973
,D18-2663_ACT_AXC.matched.fastq,33042
,D18-2663_ACT_AXG.matched.fastq,18668
,D18-2663_ACT_AXT.matched.fastq,35071
,D18-2663_ACT_CXA.matched.fastq,34155
,D18-2663_ACT_CXC.matched.fastq,28410
,D18-2663_ACT_CXG.matched.fastq,10809
,D18-2663_ACT_CXT.matched.fastq,44020
,D18-2663_ACT_GXA.matched.fastq,13883
,D18-2663_ACT_GXC.matched.fastq,27544
,D18-2663_ACT_GXG.matched.fastq,3886
,D18-2663_ACT_GXT.matched.fastq,34753
,D18-2663_ACT_TXA.matched.fastq,47773
,D18-2663_ACT_TXC.matched.fastq,35975
,D18-2663_ACT_TXG.matched.fastq,16005
,D18-2663_ACT_TXT.matched.fastq,25616
,D18-2663_AGA_AXA.matched.fastq,14128
,D18-2663_AGA_AXC.matched.fastq,10630
,D18-2663_AGA_AXG.matched.fastq,9305
,D18-2663_AGA_AXT.matched.fastq,15427
,D18-2663_AGA_CXA.matched.fastq,12887
,D18-2663_AGA_CXC.matched.fastq,10208
,D18-2663_AGA_CXG.matched.fastq,7763
,D18-2663_AGA_CXT.matched.fastq,19146
,D18-2663_AGA_GXA.matched.fastq,7935
,D18-2663_AGA_GXC.matched.fastq,9903
,D18-2663_AGA_GXG.matched.fastq,6867
,D18-2663_AGA_GXT.matched.fastq,15064
,D18-2663_AGA_TXA.matched.fastq,17938
,D18-2663_AGA_TXC.matched.fastq,14493
,D18-2663_AGA_TXG.matched.fastq,11222
,D18-2663_AGA_TXT.matched.fastq,20106
,D18-2663_ATG_AXG.matched.fastq,1
,D18-2663_ATG_AXT.matched.fastq,1
,D18-2663_CAT_AXA.matched.fastq,4
,D18-2663_CAT_AXC.matched.fastq,4
,D18-2663_CAT_AXG.matched.fastq,6
,D18-2663_CAT_AXT.matched.fastq,3
,D18-2663_CAT_CXA.matched.fastq,3
,D18-2663_CAT_CXC.matched.fastq,3
,D18-2663_CAT_CXG.matched.fastq,3
,D18-2663_CAT_CXT.matched.fastq,6
,D18-2663_CAT_GXA.matched.fastq,2
,D18-2663_CAT_GXC.matched.fastq,3
,D18-2663_CAT_GXT.matched.fastq,3
,D18-2663_CAT_TXA.matched.fastq,8
,D18-2663_CAT_TXC.matched.fastq,7
,D18-2663_CAT_TXG.matched.fastq,7
,D18-2663_CAT_TXT.matched.fastq,23
,D18-2663_CGG_AXA.matched.fastq,11351
,D18-2663_CGG_AXC.matched.fastq,8939
,D18-2663_CGG_AXG.matched.fastq,8803
,D18-2663_CGG_AXT.matched.fastq,12665
,D18-2663_CGG_CXA.matched.fastq,10160
,D18-2663_CGG_CXC.matched.fastq,7156
,D18-2663_CGG_CXG.matched.fastq,7742
,D18-2663_CGG_CXT.matched.fastq,14155
,D18-2663_CGG_GXA.matched.fastq,5781
,D18-2663_CGG_GXC.matched.fastq,8619
,D18-2663_CGG_GXG.matched.fastq,5824
,D18-2663_CGG_GXT.matched.fastq,11897
,D18-2663_CGG_TXA.matched.fastq,13246
,D18-2663_CGG_TXC.matched.fastq,9504
,D18-2663_CGG_TXG.matched.fastq,9788
,D18-2663_CGG_TXT.matched.fastq,13352
,D18-2663_GGC_AXA.matched.fastq,52606
,D18-2663_GGC_AXC.matched.fastq,45917
,D18-2663_GGC_AXG.matched.fastq,26251
,D18-2663_GGC_AXT.matched.fastq,52328
,D18-2663_GGC_CXA.matched.fastq,25076
,D18-2663_GGC_CXC.matched.fastq,39082
,D18-2663_GGC_CXG.matched.fastq,12469
,D18-2663_GGC_CXT.matched.fastq,64230
,D18-2663_GGC_GXA.matched.fastq,16144
,D18-2663_GGC_GXC.matched.fastq,41628
,D18-2663_GGC_GXG.matched.fastq,5122
,D18-2663_GGC_GXT.matched.fastq,56359
,D18-2663_GGC_TXA.matched.fastq,60146
,D18-2663_GGC_TXC.matched.fastq,51956
,D18-2663_GGC_TXG.matched.fastq,18659
,D18-2663_GGC_TXT.matched.fastq,33829
,D18-2663_TAG_AXA.matched.fastq,1
,D18-2663_TAG_AXC.matched.fastq,4
,D18-2663_TAG_AXG.matched.fastq,43
,D18-2663_TAG_AXT.matched.fastq,4
,D18-2663_TAG_CXA.matched.fastq,1
,D18-2663_TAG_CXC.matched.fastq,21
,D18-2663_TAG_CXG.matched.fastq,17
,D18-2663_TAG_CXT.matched.fastq,11
,D18-2663_TAG_GXC.matched.fastq,7
,D18-2663_TAG_GXG.matched.fastq,8
,D18-2663_TAG_GXT.matched.fastq,1
,D18-2663_TAG_TXA.matched.fastq,27
,D18-2663_TAG_TXC.matched.fastq,16
,D18-2663_TAG_TXG.matched.fastq,58
,D18-2663_TAG_TXT.matched.fastq,173
D18-2664,,
,180327Ess_D18-2664_1P.fastq,9175983
,180327Ess_D18-2664_2P.fastq,9175983
,180327Ess_D18-2664.assembled.fastq,5926045
,180327Ess_D18-2664.unassembled.forward.fastq,3249938
,180327Ess_D18-2664.unassembled.reverse.fastq,3249938
,D18-2664_AAC_TXT.matched.fastq,148218
,D18-2664_ACT_TXT.matched.fastq,295756
,D18-2664_AGA_TXT.matched.fastq,106686
,D18-2664_ATG_TXT.matched.fastq,34
,D18-2664_CAT_TXT.matched.fastq,284738
,D18-2664_CGG_TXT.matched.fastq,102881
,D18-2664_GGC_TXT.matched.fastq,277848
,D18-2664_TAG_TXT.matched.fastq,229
D18-2665,,
,180327Ess_D18-2665_1P.fastq,9061624
,180327Ess_D18-2665_2P.fastq,9061624
,180327Ess_D18-2665.assembled.fastq,5445230
,180327Ess_D18-2665.unassembled.forward.fastq,3616394
,180327Ess_D18-2665.unassembled.reverse.fastq,3616394
,D18-2665_AAC_TXA.matched.fastq,15486
,D18-2665_AAC_TXC.matched.fastq,50484
,D18-2665_AAC_TXG.matched.fastq,23556
,D18-2665_AAC_TXT.matched.fastq,81238
,D18-2665_ACT_TXA.matched.fastq,145424
,D18-2665_ACT_TXC.matched.fastq,117055
,D18-2665_ACT_TXG.matched.fastq,137392
,D18-2665_ACT_TXT.matched.fastq,130517
,D18-2665_AGA_TXA.matched.fastq,18182
,D18-2665_AGA_TXC.matched.fastq,59189
,D18-2665_AGA_TXG.matched.fastq,28569
,D18-2665_AGA_TXT.matched.fastq,98766
,D18-2665_CAT_TXA.matched.fastq,124486
,D18-2665_CAT_TXC.matched.fastq,84929
,D18-2665_CAT_TXG.matched.fastq,121338
,D18-2665_CAT_TXT.matched.fastq,93518
,D18-2665_CGG_TXA.matched.fastq,17062
,D18-2665_CGG_TXC.matched.fastq,50771
,D18-2665_CGG_TXG.matched.fastq,30343
,D18-2665_CGG_TXT.matched.fastq,86711
,D18-2665_GGC_TXA.matched.fastq,130607
,D18-2665_GGC_TXC.matched.fastq,110470
,D18-2665_GGC_TXG.matched.fastq,127459
,D18-2665_GGC_TXT.matched.fastq,126005
,D18-2665_TAG_TXA.matched.fastq,29
,D18-2665_TAG_TXC.matched.fastq,84
,D18-2665_TAG_TXG.matched.fastq,40
,D18-2665_TAG_TXT.matched.fastq,86
D18-2666,,
,180327Ess_D18-2666_1P.fastq,8672010
,180327Ess_D18-2666_2P.fastq,8672010
,180327Ess_D18-2666.assembled.fastq,5404434
,180327Ess_D18-2666.unassembled.forward.fastq,3267576
,180327Ess_D18-2666.unassembled.reverse.fastq,3267576
,D18-2666_AAC_AXGA.matched.fastq,12
,D18-2666_AAC_AXGC.matched.fastq,5
,D18-2666_AAC_AXGG.matched.fastq,12
,D18-2666_AAC_AXGT.matched.fastq,1
,D18-2666_AAC_CXGA.matched.fastq,9
,D18-2666_AAC_CXGC.matched.fastq,11
,D18-2666_AAC_CXGG.matched.fastq,4
,D18-2666_AAC_CXGT.matched.fastq,3
,D18-2666_AAC_GXGA.matched.fastq,17
,D18-2666_AAC_GXGC.matched.fastq,13
,D18-2666_AAC_GXGG.matched.fastq,5
,D18-2666_AAC_TXGA.matched.fastq,11
,D18-2666_AAC_TXGC.matched.fastq,15
,D18-2666_AAC_TXGG.matched.fastq,30712
,D18-2666_AAC_TXGT.matched.fastq,17
,D18-2666_ACT_AXGA.matched.fastq,85275
,D18-2666_ACT_AXGC.matched.fastq,38522
,D18-2666_ACT_AXGG.matched.fastq,17986
,D18-2666_ACT_AXGT.matched.fastq,815
,D18-2666_ACT_CXGA.matched.fastq,47551
,D18-2666_ACT_CXGC.matched.fastq,25534
,D18-2666_ACT_CXGG.matched.fastq,6896
,D18-2666_ACT_CXGT.matched.fastq,701
,D18-2666_ACT_GXGA.matched.fastq,64078
,D18-2666_ACT_GXGC.matched.fastq,32736
,D18-2666_ACT_GXGG.matched.fastq,12685
,D18-2666_ACT_GXGT.matched.fastq,808
,D18-2666_ACT_TXGA.matched.fastq,58380
,D18-2666_ACT_TXGC.matched.fastq,29764
,D18-2666_ACT_TXGG.matched.fastq,9810
,D18-2666_ACT_TXGT.matched.fastq,1408
,D18-2666_AGA_AXGA.matched.fastq,11041
,D18-2666_AGA_AXGC.matched.fastq,5895
,D18-2666_AGA_AXGG.matched.fastq,12737
,D18-2666_AGA_AXGT.matched.fastq,11107
,D18-2666_AGA_CXGA.matched.fastq,43488
,D18-2666_AGA_CXGC.matched.fastq,29130
,D18-2666_AGA_CXGG.matched.fastq,8116
,D18-2666_AGA_CXGT.matched.fastq,8150
,D18-2666_AGA_GXGA.matched.fastq,35295
,D18-2666_AGA_GXGC.matched.fastq,28878
,D18-2666_AGA_GXGG.matched.fastq,3595
,D18-2666_AGA_GXGT.matched.fastq,559
,D18-2666_AGA_TXGA.matched.fastq,51
,D18-2666_AGA_TXGC.matched.fastq,28
,D18-2666_AGA_TXGG.matched.fastq,9379
,D18-2666_AGA_TXGT.matched.fastq,60
,D18-2666_ATG_GXGA.matched.fastq,2
,D18-2666_CAT_AXGA.matched.fastq,101741
,D18-2666_CAT_AXGC.matched.fastq,46359
,D18-2666_CAT_AXGG.matched.fastq,26090
,D18-2666_CAT_AXGT.matched.fastq,1661
,D18-2666_CAT_CXGA.matched.fastq,55270
,D18-2666_CAT_CXGC.matched.fastq,27752
,D18-2666_CAT_CXGG.matched.fastq,10676
,D18-2666_CAT_CXGT.matched.fastq,1178
,D18-2666_CAT_GXGA.matched.fastq,73660
,D18-2666_CAT_GXGC.matched.fastq,36989
,D18-2666_CAT_GXGG.matched.fastq,16495
,D18-2666_CAT_GXGT.matched.fastq,1783
,D18-2666_CAT_TXGA.matched.fastq,67838
,D18-2666_CAT_TXGC.matched.fastq,31741
,D18-2666_CAT_TXGG.matched.fastq,14265
,D18-2666_CAT_TXGT.matched.fastq,2730
,D18-2666_CGG_AXGA.matched.fastq,14710
,D18-2666_CGG_AXGC.matched.fastq,8104
,D18-2666_CGG_AXGG.matched.fastq,17393
,D18-2666_CGG_AXGT.matched.fastq,12453
,D18-2666_CGG_CXGA.matched.fastq,29537
,D18-2666_CGG_CXGC.matched.fastq,16351
,D18-2666_CGG_CXGG.matched.fastq,10187
,D18-2666_CGG_CXGT.matched.fastq,9139
,D18-2666_CGG_GXGA.matched.fastq,46324
,D18-2666_CGG_GXGC.matched.fastq,35511
,D18-2666_CGG_GXGG.matched.fastq,3316
,D18-2666_CGG_GXGT.matched.fastq,655
,D18-2666_CGG_TXGA.matched.fastq,51
,D18-2666_CGG_TXGC.matched.fastq,57
,D18-2666_CGG_TXGG.matched.fastq,10770
,D18-2666_CGG_TXGT.matched.fastq,99
,D18-2666_GGC_AXGA.matched.fastq,71362
,D18-2666_GGC_AXGC.matched.fastq,31000
,D18-2666_GGC_AXGG.matched.fastq,15483
,D18-2666_GGC_AXGT.matched.fastq,896
,D18-2666_GGC_CXGA.matched.fastq,38188
,D18-2666_GGC_CXGC.matched.fastq,12605
,D18-2666_GGC_CXGG.matched.fastq,7206
,D18-2666_GGC_CXGT.matched.fastq,495
,D18-2666_GGC_GXGA.matched.fastq,55202
,D18-2666_GGC_GXGC.matched.fastq,25413
,D18-2666_GGC_GXGG.matched.fastq,12014
,D18-2666_GGC_GXGT.matched.fastq,764
,D18-2666_GGC_TXGA.matched.fastq,50885
,D18-2666_GGC_TXGC.matched.fastq,25258
,D18-2666_GGC_TXGG.matched.fastq,9404
,D18-2666_GGC_TXGT.matched.fastq,1544
,D18-2666_TAG_TXGG.matched.fastq,26
D18-2667,,
,180327Ess_D18-2667_1P.fastq,7287391
,180327Ess_D18-2667_2P.fastq,7287391
,180327Ess_D18-2667.assembled.fastq,4237846
,180327Ess_D18-2667.unassembled.forward.fastq,3049545
,180327Ess_D18-2667.unassembled.reverse.fastq,3049545
,D18-2667_AAC_AXA.matched.fastq,5502
,D18-2667_AAC_AXC.matched.fastq,5326
,D18-2667_AAC_AXG.matched.fastq,3299
,D18-2667_AAC_AXT.matched.fastq,5053
,D18-2667_AAC_CXA.matched.fastq,3306
,D18-2667_AAC_CXC.matched.fastq,3836
,D18-2667_AAC_CXG.matched.fastq,3668
,D18-2667_AAC_CXT.matched.fastq,5426
,D18-2667_AAC_GXA.matched.fastq,2519
,D18-2667_AAC_GXC.matched.fastq,2248
,D18-2667_AAC_GXG.matched.fastq,2702
,D18-2667_AAC_GXT.matched.fastq,4058
,D18-2667_AAC_TXA.matched.fastq,5737
,D18-2667_AAC_TXC.matched.fastq,2876
,D18-2667_AAC_TXG.matched.fastq,3139
,D18-2667_AAC_TXT.matched.fastq,4276
,D18-2667_ACT_AXA.matched.fastq,34089
,D18-2667_ACT_AXC.matched.fastq,24670
,D18-2667_ACT_AXG.matched.fastq,16362
,D18-2667_ACT_AXT.matched.fastq,34061
,D18-2667_ACT_CXA.matched.fastq,25486
,D18-2667_ACT_CXC.matched.fastq,22899
,D18-2667_ACT_CXG.matched.fastq,10337
,D18-2667_ACT_CXT.matched.fastq,37658
,D18-2667_ACT_GXA.matched.fastq,10230
,D18-2667_ACT_GXC.matched.fastq,23179
,D18-2667_ACT_GXG.matched.fastq,4857
,D18-2667_ACT_GXT.matched.fastq,28166
,D18-2667_ACT_TXA.matched.fastq,39114
,D18-2667_ACT_TXC.matched.fastq,32822
,D18-2667_ACT_TXG.matched.fastq,13983
,D18-2667_ACT_TXT.matched.fastq,20995
,D18-2667_AGA_AXA.matched.fastq,11921
,D18-2667_AGA_AXC.matched.fastq,8444
,D18-2667_AGA_AXG.matched.fastq,7456
,D18-2667_AGA_AXT.matched.fastq,12130
,D18-2667_AGA_CXA.matched.fastq,10682
,D18-2667_AGA_CXC.matched.fastq,7838
,D18-2667_AGA_CXG.matched.fastq,6043
,D18-2667_AGA_CXT.matched.fastq,12770
,D18-2667_AGA_GXA.matched.fastq,5946
,D18-2667_AGA_GXC.matched.fastq,8170
,D18-2667_AGA_GXG.matched.fastq,5840
,D18-2667_AGA_GXT.matched.fastq,10328
,D18-2667_AGA_TXA.matched.fastq,13687
,D18-2667_AGA_TXC.matched.fastq,10768
,D18-2667_AGA_TXG.matched.fastq,9237
,D18-2667_AGA_TXT.matched.fastq,14928
,D18-2667_ATG_AXC.matched.fastq,1
,D18-2667_CAT_AXA.matched.fastq,11141
,D18-2667_CAT_AXC.matched.fastq,16034
,D18-2667_CAT_AXG.matched.fastq,6478
,D18-2667_CAT_AXT.matched.fastq,9560
,D18-2667_CAT_CXA.matched.fastq,18173
,D18-2667_CAT_CXC.matched.fastq,17424
,D18-2667_CAT_CXG.matched.fastq,5023
,D18-2667_CAT_CXT.matched.fastq,20285
,D18-2667_CAT_GXA.matched.fastq,4109
,D18-2667_CAT_GXC.matched.fastq,8873
,D18-2667_CAT_GXG.matched.fastq,6
,D18-2667_CAT_GXT.matched.fastq,9619
,D18-2667_CAT_TXA.matched.fastq,15640
,D18-2667_CAT_TXC.matched.fastq,11138
,D18-2667_CAT_TXG.matched.fastq,4667
,D18-2667_CAT_TXT.matched.fastq,8356
,D18-2667_CGG_AXA.matched.fastq,13462
,D18-2667_CGG_AXC.matched.fastq,8475
,D18-2667_CGG_AXG.matched.fastq,10712
,D18-2667_CGG_AXT.matched.fastq,15102
,D18-2667_CGG_CXA.matched.fastq,12920
,D18-2667_CGG_CXC.matched.fastq,7429
,D18-2667_CGG_CXG.matched.fastq,8993
,D18-2667_CGG_CXT.matched.fastq,13182
,D18-2667_CGG_GXA.matched.fastq,7006
,D18-2667_CGG_GXC.matched.fastq,8467
,D18-2667_CGG_GXG.matched.fastq,5547
,D18-2667_CGG_GXT.matched.fastq,12067
,D18-2667_CGG_TXA.matched.fastq,14806
,D18-2667_CGG_TXC.matched.fastq,10378
,D18-2667_CGG_TXG.matched.fastq,10431
,D18-2667_CGG_TXT.matched.fastq,12184
,D18-2667_GGC_AXA.matched.fastq,35555
,D18-2667_GGC_AXC.matched.fastq,47160
,D18-2667_GGC_AXG.matched.fastq,27263
,D18-2667_GGC_AXT.matched.fastq,32497
,D18-2667_GGC_CXA.matched.fastq,17659
,D18-2667_GGC_CXC.matched.fastq,22586
,D18-2667_GGC_CXG.matched.fastq,10634
,D18-2667_GGC_CXT.matched.fastq,34034
,D18-2667_GGC_GXA.matched.fastq,10571
,D18-2667_GGC_GXC.matched.fastq,27707
,D18-2667_GGC_GXG.matched.fastq,2520
,D18-2667_GGC_GXT.matched.fastq,48264
,D18-2667_GGC_TXA.matched.fastq,42720
,D18-2667_GGC_TXC.matched.fastq,30001
,D18-2667_GGC_TXG.matched.fastq,16302
,D18-2667_GGC_TXT.matched.fastq,14821
,D18-2667_TAG_CXC.matched.fastq,4
D18-2668,,
,180327Ess_D18-2668_1P.fastq,8769267
,180327Ess_D18-2668_2P.fastq,8769267
,180327Ess_D18-2668.assembled.fastq,5038351
,180327Ess_D18-2668.unassembled.forward.fastq,3730916
,180327Ess_D18-2668.unassembled.reverse.fastq,3730916
,D18-2668_AAC_TXT.matched.fastq,117628
,D18-2668_ACT_TXT.matched.fastq,283345
,D18-2668_AGA_TXT.matched.fastq,127198
,D18-2668_ATG_TXT.matched.fastq,9
,D18-2668_CAT_TXT.matched.fastq,224759
,D18-2668_CGG_TXT.matched.fastq,102061
,D18-2668_GGC_TXT.matched.fastq,255718
,D18-2668_TAG_TXT.matched.fastq,46
D18-2669,,
,180327Ess_D18-2669_1P.fastq,10844403
,180327Ess_D18-2669_2P.fastq,10844403
,180327Ess_D18-2669.assembled.fastq,6513174
,180327Ess_D18-2669.unassembled.forward.fastq,4331229
,180327Ess_D18-2669.unassembled.reverse.fastq,4331229
,D18-2669_AAC_TXA.matched.fastq,19075
,D18-2669_AAC_TXC.matched.fastq,59803
,D18-2669_AAC_TXG.matched.fastq,27531
,D18-2669_AAC_TXT.matched.fastq,99251
,D18-2669_ACT_TXA.matched.fastq,157466
,D18-2669_ACT_TXC.matched.fastq,128021
,D18-2669_ACT_TXG.matched.fastq,160214
,D18-2669_ACT_TXT.matched.fastq,151913
,D18-2669_AGA_TXA.matched.fastq,20828
,D18-2669_AGA_TXC.matched.fastq,69504
,D18-2669_AGA_TXG.matched.fastq,30795
,D18-2669_AGA_TXT.matched.fastq,111618
,D18-2669_ATG_TXC.matched.fastq,1
,D18-2669_ATG_TXT.matched.fastq,2
,D18-2669_CAT_TXA.matched.fastq,88084
,D18-2669_CAT_TXC.matched.fastq,38951
,D18-2669_CAT_TXG.matched.fastq,107635
,D18-2669_CAT_TXT.matched.fastq,66654
,D18-2669_CGG_TXA.matched.fastq,20975
,D18-2669_CGG_TXC.matched.fastq,67048
,D18-2669_CGG_TXG.matched.fastq,41114
,D18-2669_CGG_TXT.matched.fastq,107193
,D18-2669_GGC_TXA.matched.fastq,149333
,D18-2669_GGC_TXC.matched.fastq,114372
,D18-2669_GGC_TXG.matched.fastq,145495
,D18-2669_GGC_TXT.matched.fastq,131384
,D18-2669_TAG_TXA.matched.fastq,29
,D18-2669_TAG_TXC.matched.fastq,47
,D18-2669_TAG_TXG.matched.fastq,15
,D18-2669_TAG_TXT.matched.fastq,95
D18-2670,,
,180327Ess_D18-2670_1P.fastq,8407720
,180327Ess_D18-2670_2P.fastq,8407720
,180327Ess_D18-2670.assembled.fastq,5301354
,180327Ess_D18-2670.unassembled.forward.fastq,3106366
,180327Ess_D18-2670.unassembled.reverse.fastq,3106366
,D18-2670_AAC_AXGA.matched.fastq,12401
,D18-2670_AAC_AXGC.matched.fastq,7342
,D18-2670_AAC_AXGG.matched.fastq,13106
,D18-2670_AAC_AXGT.matched.fastq,10177
,D18-2670_AAC_CXGA.matched.fastq,39407
,D18-2670_AAC_CXGC.matched.fastq,29207
,D18-2670_AAC_CXGG.matched.fastq,6995
,D18-2670_AAC_CXGT.matched.fastq,10222
,D18-2670_AAC_GXGA.matched.fastq,36697
,D18-2670_AAC_GXGC.matched.fastq,29659
,D18-2670_AAC_GXGG.matched.fastq,3202
,D18-2670_AAC_GXGT.matched.fastq,482
,D18-2670_AAC_TXGA.matched.fastq,38
,D18-2670_AAC_TXGC.matched.fastq,14
,D18-2670_AAC_TXGG.matched.fastq,7179
,D18-2670_AAC_TXGT.matched.fastq,54
,D18-2670_ACT_AXGA.matched.fastq,73189
,D18-2670_ACT_AXGC.matched.fastq,37025
,D18-2670_ACT_AXGG.matched.fastq,14684
,D18-2670_ACT_AXGT.matched.fastq,1116
,D18-2670_ACT_CXGA.matched.fastq,40119
,D18-2670_ACT_CXGC.matched.fastq,25413
,D18-2670_ACT_CXGG.matched.fastq,7806
,D18-2670_ACT_CXGT.matched.fastq,208
,D18-2670_ACT_GXGA.matched.fastq,58980
,D18-2670_ACT_GXGC.matched.fastq,31977
,D18-2670_ACT_GXGG.matched.fastq,13586
,D18-2670_ACT_GXGT.matched.fastq,225
,D18-2670_ACT_TXGA.matched.fastq,48167
,D18-2670_ACT_TXGC.matched.fastq,26381
,D18-2670_ACT_TXGG.matched.fastq,11140
,D18-2670_ACT_TXGT.matched.fastq,936
,D18-2670_AGA_AXGA.matched.fastq,8031
,D18-2670_AGA_AXGC.matched.fastq,4331
,D18-2670_AGA_AXGG.matched.fastq,9354
,D18-2670_AGA_AXGT.matched.fastq,9202
,D18-2670_AGA_CXGA.matched.fastq,30546
,D18-2670_AGA_CXGC.matched.fastq,23492
,D18-2670_AGA_CXGG.matched.fastq,5986
,D18-2670_AGA_CXGT.matched.fastq,3748
,D18-2670_AGA_GXGA.matched.fastq,31146
,D18-2670_AGA_GXGC.matched.fastq,19902
,D18-2670_AGA_GXGG.matched.fastq,3171
,D18-2670_AGA_GXGT.matched.fastq,341
,D18-2670_AGA_TXGA.matched.fastq,20
,D18-2670_AGA_TXGC.matched.fastq,38
,D18-2670_AGA_TXGG.matched.fastq,5917
,D18-2670_AGA_TXGT.matched.fastq,36
,D18-2670_ATG_GXGA.matched.fastq,1
,D18-2670_ATG_TXGG.matched.fastq,1
,D18-2670_CAT_AXGA.matched.fastq,42965
,D18-2670_CAT_AXGC.matched.fastq,30830
,D18-2670_CAT_AXGG.matched.fastq,16698
,D18-2670_CAT_AXGT.matched.fastq,2111
,D18-2670_CAT_CXGA.matched.fastq,33246
,D18-2670_CAT_CXGC.matched.fastq,22550
,D18-2670_CAT_CXGG.matched.fastq,10840
,D18-2670_CAT_CXGT.matched.fastq,280
,D18-2670_CAT_GXGA.matched.fastq,38653
,D18-2670_CAT_GXGC.matched.fastq,25431
,D18-2670_CAT_GXGG.matched.fastq,5336
,D18-2670_CAT_GXGT.matched.fastq,1789
,D18-2670_CAT_TXGA.matched.fastq,43323
,D18-2670_CAT_TXGC.matched.fastq,14937
,D18-2670_CAT_TXGG.matched.fastq,6431
,D18-2670_CAT_TXGT.matched.fastq,939
,D18-2670_CGG_AXGA.matched.fastq,17613
,D18-2670_CGG_AXGC.matched.fastq,7487
,D18-2670_CGG_AXGG.matched.fastq,18722
,D18-2670_CGG_AXGT.matched.fastq,9406
,D18-2670_CGG_CXGA.matched.fastq,26523
,D18-2670_CGG_CXGC.matched.fastq,18057
,D18-2670_CGG_CXGG.matched.fastq,11738
,D18-2670_CGG_CXGT.matched.fastq,8301
,D18-2670_CGG_GXGA.matched.fastq,45656
,D18-2670_CGG_GXGC.matched.fastq,38951
,D18-2670_CGG_GXGG.matched.fastq,2539
,D18-2670_CGG_GXGT.matched.fastq,728
,D18-2670_CGG_TXGA.matched.fastq,24
,D18-2670_CGG_TXGC.matched.fastq,29
,D18-2670_CGG_TXGG.matched.fastq,13183
,D18-2670_CGG_TXGT.matched.fastq,1
,D18-2670_GGC_AXGA.matched.fastq,57491
,D18-2670_GGC_AXGC.matched.fastq,15104
,D18-2670_GGC_AXGG.matched.fastq,8756
,D18-2670_GGC_AXGT.matched.fastq,259
,D18-2670_GGC_CXGA.matched.fastq,29974
,D18-2670_GGC_CXGC.matched.fastq,10040
,D18-2670_GGC_CXGG.matched.fastq,5840
,D18-2670_GGC_CXGT.matched.fastq,163
,D18-2670_GGC_GXGA.matched.fastq,39451
,D18-2670_GGC_GXGC.matched.fastq,21754
,D18-2670_GGC_GXGG.matched.fastq,5763
,D18-2670_GGC_GXGT.matched.fastq,128
,D18-2670_GGC_TXGA.matched.fastq,37259
,D18-2670_GGC_TXGC.matched.fastq,20539
,D18-2670_GGC_TXGG.matched.fastq,6229
,D18-2670_GGC_TXGT.matched.fastq,223
,D18-2670_TAG_AXGA.matched.fastq,6
,D18-2670_TAG_AXGC.matched.fastq,6
,D18-2670_TAG_AXGG.matched.fastq,3
,D18-2670_TAG_AXGT.matched.fastq,5
,D18-2670_TAG_CXGA.matched.fastq,40
,D18-2670_TAG_CXGC.matched.fastq,22
,D18-2670_TAG_CXGG.matched.fastq,1
,D18-2670_TAG_CXGT.matched.fastq,1
,D18-2670_TAG_GXGA.matched.fastq,41
,D18-2670_TAG_GXGC.matched.fastq,16
,D18-2670_TAG_TXGG.matched.fastq,11
D18-2671,,
,180327Ess_D18-2671_1P.fastq,9472277
,180327Ess_D18-2671_2P.fastq,9472277
,180327Ess_D18-2671.assembled.fastq,6253006
,180327Ess_D18-2671.unassembled.forward.fastq,3219271
,180327Ess_D18-2671.unassembled.reverse.fastq,3219271
,D18-2671_AAC_AXA.matched.fastq,16992
,D18-2671_AAC_AXC.matched.fastq,9463
,D18-2671_AAC_AXG.matched.fastq,8332
,D18-2671_AAC_AXT.matched.fastq,11711
,D18-2671_AAC_CXA.matched.fastq,13072
,D18-2671_AAC_CXC.matched.fastq,8183
,D18-2671_AAC_CXG.matched.fastq,7613
,D18-2671_AAC_CXT.matched.fastq,14307
,D18-2671_AAC_GXA.matched.fastq,11126
,D18-2671_AAC_GXC.matched.fastq,10191
,D18-2671_AAC_GXG.matched.fastq,9475
,D18-2671_AAC_GXT.matched.fastq,11706
,D18-2671_AAC_TXA.matched.fastq,19969
,D18-2671_AAC_TXC.matched.fastq,20224
,D18-2671_AAC_TXG.matched.fastq,9019
,D18-2671_AAC_TXT.matched.fastq,16397
,D18-2671_ACT_AXA.matched.fastq,39202
,D18-2671_ACT_AXC.matched.fastq,35213
,D18-2671_ACT_AXG.matched.fastq,21846
,D18-2671_ACT_AXT.matched.fastq,34020
,D18-2671_ACT_CXA.matched.fastq,37353
,D18-2671_ACT_CXC.matched.fastq,28806
,D18-2671_ACT_CXG.matched.fastq,11505
,D18-2671_ACT_CXT.matched.fastq,44110
,D18-2671_ACT_GXA.matched.fastq,13932
,D18-2671_ACT_GXC.matched.fastq,28250
,D18-2671_ACT_GXG.matched.fastq,4789
,D18-2671_ACT_GXT.matched.fastq,33063
,D18-2671_ACT_TXA.matched.fastq,49545
,D18-2671_ACT_TXC.matched.fastq,38669
,D18-2671_ACT_TXG.matched.fastq,19495
,D18-2671_ACT_TXT.matched.fastq,26762
,D18-2671_AGA_AXA.matched.fastq,8789
,D18-2671_AGA_AXC.matched.fastq,9242
,D18-2671_AGA_AXG.matched.fastq,7209
,D18-2671_AGA_AXT.matched.fastq,11085
,D18-2671_AGA_CXA.matched.fastq,10372
,D18-2671_AGA_CXC.matched.fastq,5978
,D18-2671_AGA_CXG.matched.fastq,4742
,D18-2671_AGA_CXT.matched.fastq,14452
,D18-2671_AGA_GXA.matched.fastq,6489
,D18-2671_AGA_GXC.matched.fastq,8754
,D18-2671_AGA_GXG.matched.fastq,5228
,D18-2671_AGA_GXT.matched.fastq,10412
,D18-2671_AGA_TXA.matched.fastq,16366
,D18-2671_AGA_TXC.matched.fastq,12189
,D18-2671_AGA_TXG.matched.fastq,6548
,D18-2671_AGA_TXT.matched.fastq,18238
,D18-2671_CAT_AXA.matched.fastq,45263
,D18-2671_CAT_AXC.matched.fastq,33081
,D18-2671_CAT_AXG.matched.fastq,23222
,D18-2671_CAT_AXT.matched.fastq,40597
,D18-2671_CAT_CXA.matched.fastq,28930
,D18-2671_CAT_CXC.matched.fastq,21824
,D18-2671_CAT_CXG.matched.fastq,12372
,D18-2671_CAT_CXT.matched.fastq,29678
,D18-2671_CAT_GXA.matched.fastq,10410
,D18-2671_CAT_GXC.matched.fastq,25544
,D18-2671_CAT_GXG.matched.fastq,3425
,D18-2671_CAT_GXT.matched.fastq,33521
,D18-2671_CAT_TXA.matched.fastq,39520
,D18-2671_CAT_TXC.matched.fastq,24474
,D18-2671_CAT_TXG.matched.fastq,17678
,D18-2671_CAT_TXT.matched.fastq,27795
,D18-2671_CGG_AXA.matched.fastq,14619
,D18-2671_CGG_AXC.matched.fastq,10182
,D18-2671_CGG_AXG.matched.fastq,9598
,D18-2671_CGG_AXT.matched.fastq,15750
,D18-2671_CGG_CXA.matched.fastq,12652
,D18-2671_CGG_CXC.matched.fastq,6831
,D18-2671_CGG_CXG.matched.fastq,10038
,D18-2671_CGG_CXT.matched.fastq,13830
,D18-2671_CGG_GXA.matched.fastq,7604
,D18-2671_CGG_GXC.matched.fastq,10581
,D18-2671_CGG_GXG.matched.fastq,7218
,D18-2671_CGG_GXT.matched.fastq,11377
,D18-2671_CGG_TXA.matched.fastq,18270
,D18-2671_CGG_TXC.matched.fastq,10278
,D18-2671_CGG_TXG.matched.fastq,13104
,D18-2671_CGG_TXT.matched.fastq,15506
,D18-2671_GGC_AXA.matched.fastq,45764
,D18-2671_GGC_AXC.matched.fastq,38323
,D18-2671_GGC_AXG.matched.fastq,29505
,D18-2671_GGC_AXT.matched.fastq,52337
,D18-2671_GGC_CXA.matched.fastq,26994
,D18-2671_GGC_CXC.matched.fastq,31000
,D18-2671_GGC_CXG.matched.fastq,12159
,D18-2671_GGC_CXT.matched.fastq,46328
,D18-2671_GGC_GXA.matched.fastq,10639
,D18-2671_GGC_GXC.matched.fastq,27703
,D18-2671_GGC_GXG.matched.fastq,5704
,D18-2671_GGC_GXT.matched.fastq,43815
,D18-2671_GGC_TXA.matched.fastq,59968
,D18-2671_GGC_TXC.matched.fastq,48436
,D18-2671_GGC_TXG.matched.fastq,29028
,D18-2671_GGC_TXT.matched.fastq,22482
,D18-2671_TAG_AXA.matched.fastq,3
,D18-2671_TAG_AXC.matched.fastq,2
,D18-2671_TAG_AXT.matched.fastq,1
,D18-2671_TAG_CXA.matched.fastq,2
,D18-2671_TAG_GXA.matched.fastq,1
,D18-2671_TAG_GXC.matched.fastq,1
,D18-2671_TAG_GXT.matched.fastq,1
,D18-2671_TAG_TXA.matched.fastq,332
,D18-2671_TAG_TXC.matched.fastq,4
,D18-2671_TAG_TXG.matched.fastq,3
,D18-2671_TAG_TXT.matched.fastq,1
D18-2672,,
,180327Ess_D18-2672_1P.fastq,8919799
,180327Ess_D18-2672_2P.fastq,8919799
,180327Ess_D18-2672.assembled.fastq,6327351
,180327Ess_D18-2672.unassembled.forward.fastq,2592448
,180327Ess_D18-2672.unassembled.reverse.fastq,2592448
,D18-2672_AAC_TXT.matched.fastq,108368
,D18-2672_ACT_TXT.matched.fastq,209022
,D18-2672_AGA_TXT.matched.fastq,69807
,D18-2672_ATG_TXT.matched.fastq,26
,D18-2672_CAT_TXT.matched.fastq,184744
,D18-2672_CGG_TXT.matched.fastq,88250
,D18-2672_GGC_TXT.matched.fastq,174531
,D18-2672_TAG_TXT.matched.fastq,321
D18-2673,,
,180327Ess_D18-2673_1P.fastq,7661553
,180327Ess_D18-2673_2P.fastq,7661553
,180327Ess_D18-2673.assembled.fastq,5482571
,180327Ess_D18-2673.unassembled.forward.fastq,2178982
,180327Ess_D18-2673.unassembled.reverse.fastq,2178982
,D18-2673_AAC_TXA.matched.fastq,12686
,D18-2673_AAC_TXC.matched.fastq,40550
,D18-2673_AAC_TXG.matched.fastq,18813
,D18-2673_AAC_TXT.matched.fastq,65309
,D18-2673_ACT_TXA.matched.fastq,89440
,D18-2673_ACT_TXC.matched.fastq,77484
,D18-2673_ACT_TXG.matched.fastq,91580
,D18-2673_ACT_TXT.matched.fastq,75944
,D18-2673_AGA_TXA.matched.fastq,14254
,D18-2673_AGA_TXC.matched.fastq,54878
,D18-2673_AGA_TXG.matched.fastq,17775
,D18-2673_AGA_TXT.matched.fastq,71016
,D18-2673_ATG_TXG.matched.fastq,1
,D18-2673_CAT_TXA.matched.fastq,69157
,D18-2673_CAT_TXC.matched.fastq,48380
,D18-2673_CAT_TXG.matched.fastq,79856
,D18-2673_CAT_TXT.matched.fastq,54731
,D18-2673_CGG_TXA.matched.fastq,21648
,D18-2673_CGG_TXC.matched.fastq,56103
,D18-2673_CGG_TXG.matched.fastq,35517
,D18-2673_CGG_TXT.matched.fastq,90877
,D18-2673_GGC_TXA.matched.fastq,89423
,D18-2673_GGC_TXC.matched.fastq,75953
,D18-2673_GGC_TXG.matched.fastq,114056
,D18-2673_GGC_TXT.matched.fastq,88646
,D18-2673_TAG_TXA.matched.fastq,27
,D18-2673_TAG_TXC.matched.fastq,37
,D18-2673_TAG_TXG.matched.fastq,19
,D18-2673_TAG_TXT.matched.fastq,73
D18-2674,,
,180327Ess_D18-2674_1P.fastq,10354307
,180327Ess_D18-2674_2P.fastq,10354307
,180327Ess_D18-2674.assembled.fastq,7147893
,180327Ess_D18-2674.unassembled.forward.fastq,3206414
,180327Ess_D18-2674.unassembled.reverse.fastq,3206414
,D18-2674_AAC_AXGA.matched.fastq,8877
,D18-2674_AAC_AXGC.matched.fastq,4888
,D18-2674_AAC_AXGG.matched.fastq,9253
,D18-2674_AAC_AXGT.matched.fastq,6846
,D18-2674_AAC_CXGA.matched.fastq,27554
,D18-2674_AAC_CXGC.matched.fastq,21775
,D18-2674_AAC_CXGG.matched.fastq,5673
,D18-2674_AAC_CXGT.matched.fastq,6228
,D18-2674_AAC_GXGA.matched.fastq,25503
,D18-2674_AAC_GXGC.matched.fastq,21298
,D18-2674_AAC_GXGG.matched.fastq,2370
,D18-2674_AAC_GXGT.matched.fastq,373
,D18-2674_AAC_TXGA.matched.fastq,30
,D18-2674_AAC_TXGC.matched.fastq,19
,D18-2674_AAC_TXGG.matched.fastq,6091
,D18-2674_AAC_TXGT.matched.fastq,99
,D18-2674_ACT_AXGA.matched.fastq,104248
,D18-2674_ACT_AXGC.matched.fastq,39777
,D18-2674_ACT_AXGG.matched.fastq,18249
,D18-2674_ACT_AXGT.matched.fastq,251
,D18-2674_ACT_CXGA.matched.fastq,49686
,D18-2674_ACT_CXGC.matched.fastq,29465
,D18-2674_ACT_CXGG.matched.fastq,7038
,D18-2674_ACT_CXGT.matched.fastq,209
,D18-2674_ACT_GXGA.matched.fastq,68371
,D18-2674_ACT_GXGC.matched.fastq,36846
,D18-2674_ACT_GXGG.matched.fastq,13129
,D18-2674_ACT_GXGT.matched.fastq,1784
,D18-2674_ACT_TXGA.matched.fastq,62510
,D18-2674_ACT_TXGC.matched.fastq,32632
,D18-2674_ACT_TXGG.matched.fastq,11227
,D18-2674_ACT_TXGT.matched.fastq,1247
,D18-2674_AGA_AXGA.matched.fastq,12801
,D18-2674_AGA_AXGC.matched.fastq,6480
,D18-2674_AGA_AXGG.matched.fastq,14382
,D18-2674_AGA_AXGT.matched.fastq,11916
,D18-2674_AGA_CXGA.matched.fastq,48705
,D18-2674_AGA_CXGC.matched.fastq,32194
,D18-2674_AGA_CXGG.matched.fastq,10048
,D18-2674_AGA_CXGT.matched.fastq,9647
,D18-2674_AGA_GXGA.matched.fastq,42001
,D18-2674_AGA_GXGC.matched.fastq,34396
,D18-2674_AGA_GXGG.matched.fastq,3678
,D18-2674_AGA_GXGT.matched.fastq,1311
,D18-2674_AGA_TXGA.matched.fastq,33
,D18-2674_AGA_TXGC.matched.fastq,19
,D18-2674_AGA_TXGG.matched.fastq,12182
,D18-2674_AGA_TXGT.matched.fastq,10
,D18-2674_ATG_CXGA.matched.fastq,1
,D18-2674_CAT_AXGA.matched.fastq,86876
,D18-2674_CAT_AXGC.matched.fastq,46083
,D18-2674_CAT_AXGG.matched.fastq,22674
,D18-2674_CAT_AXGT.matched.fastq,3618
,D18-2674_CAT_CXGA.matched.fastq,46474
,D18-2674_CAT_CXGC.matched.fastq,21862
,D18-2674_CAT_CXGG.matched.fastq,13711
,D18-2674_CAT_CXGT.matched.fastq,1138
,D18-2674_CAT_GXGA.matched.fastq,60829
,D18-2674_CAT_GXGC.matched.fastq,29606
,D18-2674_CAT_GXGG.matched.fastq,13329
,D18-2674_CAT_GXGT.matched.fastq,298
,D18-2674_CAT_TXGA.matched.fastq,60329
,D18-2674_CAT_TXGC.matched.fastq,32605
,D18-2674_CAT_TXGG.matched.fastq,15747
,D18-2674_CAT_TXGT.matched.fastq,2011
,D18-2674_CGG_AXGA.matched.fastq,10926
,D18-2674_CGG_AXGC.matched.fastq,7470
,D18-2674_CGG_AXGG.matched.fastq,14754
,D18-2674_CGG_AXGT.matched.fastq,9657
,D18-2674_CGG_CXGA.matched.fastq,23893
,D18-2674_CGG_CXGC.matched.fastq,12145
,D18-2674_CGG_CXGG.matched.fastq,7876
,D18-2674_CGG_CXGT.matched.fastq,8675
,D18-2674_CGG_GXGA.matched.fastq,35704
,D18-2674_CGG_GXGC.matched.fastq,25932
,D18-2674_CGG_GXGG.matched.fastq,2510
,D18-2674_CGG_GXGT.matched.fastq,198
,D18-2674_CGG_TXGA.matched.fastq,13
,D18-2674_CGG_TXGC.matched.fastq,15
,D18-2674_CGG_TXGG.matched.fastq,8719
,D18-2674_CGG_TXGT.matched.fastq,138
,D18-2674_GGC_AXGA.matched.fastq,90101
,D18-2674_GGC_AXGC.matched.fastq,36527
,D18-2674_GGC_AXGG.matched.fastq,20704
,D18-2674_GGC_AXGT.matched.fastq,797
,D18-2674_GGC_CXGA.matched.fastq,43689
,D18-2674_GGC_CXGC.matched.fastq,14277
,D18-2674_GGC_CXGG.matched.fastq,8706
,D18-2674_GGC_CXGT.matched.fastq,605
,D18-2674_GGC_GXGA.matched.fastq,84702
,D18-2674_GGC_GXGC.matched.fastq,24440
,D18-2674_GGC_GXGG.matched.fastq,14677
,D18-2674_GGC_GXGT.matched.fastq,25
,D18-2674_GGC_TXGA.matched.fastq,53523
,D18-2674_GGC_TXGC.matched.fastq,37341
,D18-2674_GGC_TXGG.matched.fastq,7574
,D18-2674_GGC_TXGT.matched.fastq,2051
,D18-2674_TAG_AXGA.matched.fastq,15
,D18-2674_TAG_AXGC.matched.fastq,3
,D18-2674_TAG_AXGG.matched.fastq,22
,D18-2674_TAG_AXGT.matched.fastq,15
,D18-2674_TAG_CXGA.matched.fastq,61
,D18-2674_TAG_CXGC.matched.fastq,16
,D18-2674_TAG_CXGG.matched.fastq,10
,D18-2674_TAG_CXGT.matched.fastq,19
,D18-2674_TAG_GXGA.matched.fastq,27
,D18-2674_TAG_GXGC.matched.fastq,24
,D18-2674_TAG_GXGG.matched.fastq,2
,D18-2674_TAG_TXGG.matched.fastq,4
D18-2675,,
,180327Ess_D18-2675_1P.fastq,10657903
,180327Ess_D18-2675_2P.fastq,10657903
,180327Ess_D18-2675.assembled.fastq,7028487
,180327Ess_D18-2675.unassembled.forward.fastq,3629416
,180327Ess_D18-2675.unassembled.reverse.fastq,3629416
,D18-2675_AAC_AXA.matched.fastq,17436
,D18-2675_AAC_AXC.matched.fastq,14638
,D18-2675_AAC_AXG.matched.fastq,11722
,D18-2675_AAC_AXT.matched.fastq,18520
,D18-2675_AAC_CXA.matched.fastq,16138
,D18-2675_AAC_CXC.matched.fastq,11658
,D18-2675_AAC_CXG.matched.fastq,9643
,D18-2675_AAC_CXT.matched.fastq,18426
,D18-2675_AAC_GXA.matched.fastq,9541
,D18-2675_AAC_GXC.matched.fastq,10636
,D18-2675_AAC_GXG.matched.fastq,8213
,D18-2675_AAC_GXT.matched.fastq,16433
,D18-2675_AAC_TXA.matched.fastq,21982
,D18-2675_AAC_TXC.matched.fastq,15465
,D18-2675_AAC_TXG.matched.fastq,13959
,D18-2675_AAC_TXT.matched.fastq,20208
,D18-2675_ACT_AXA.matched.fastq,36576
,D18-2675_ACT_AXC.matched.fastq,34555
,D18-2675_ACT_AXG.matched.fastq,19237
,D18-2675_ACT_AXT.matched.fastq,37531
,D18-2675_ACT_CXA.matched.fastq,35017
,D18-2675_ACT_CXC.matched.fastq,32572
,D18-2675_ACT_CXG.matched.fastq,11161
,D18-2675_ACT_CXT.matched.fastq,42959
,D18-2675_ACT_GXA.matched.fastq,12918
,D18-2675_ACT_GXC.matched.fastq,22324
,D18-2675_ACT_GXG.matched.fastq,1354
,D18-2675_ACT_GXT.matched.fastq,34276
,D18-2675_ACT_TXA.matched.fastq,49952
,D18-2675_ACT_TXC.matched.fastq,42379
,D18-2675_ACT_TXG.matched.fastq,15777
,D18-2675_ACT_TXT.matched.fastq,24311
,D18-2675_AGA_AXA.matched.fastq,8852
,D18-2675_AGA_AXC.matched.fastq,5868
,D18-2675_AGA_AXG.matched.fastq,6630
,D18-2675_AGA_AXT.matched.fastq,17043
,D18-2675_AGA_CXA.matched.fastq,8827
,D18-2675_AGA_CXC.matched.fastq,7554
,D18-2675_AGA_CXG.matched.fastq,6331
,D18-2675_AGA_CXT.matched.fastq,13245
,D18-2675_AGA_GXA.matched.fastq,5074
,D18-2675_AGA_GXC.matched.fastq,8322
,D18-2675_AGA_GXG.matched.fastq,3930
,D18-2675_AGA_GXT.matched.fastq,8632
,D18-2675_AGA_TXA.matched.fastq,14627
,D18-2675_AGA_TXC.matched.fastq,13398
,D18-2675_AGA_TXG.matched.fastq,10210
,D18-2675_AGA_TXT.matched.fastq,13016
,D18-2675_ATG_GXA.matched.fastq,1
,D18-2675_ATG_GXT.matched.fastq,1
,D18-2675_CAT_AXA.matched.fastq,64811
,D18-2675_CAT_AXC.matched.fastq,47015
,D18-2675_CAT_AXG.matched.fastq,34206
,D18-2675_CAT_AXT.matched.fastq,61956
,D18-2675_CAT_CXA.matched.fastq,42156
,D18-2675_CAT_CXC.matched.fastq,30703
,D18-2675_CAT_CXG.matched.fastq,16797
,D18-2675_CAT_CXT.matched.fastq,42790
,D18-2675_CAT_GXA.matched.fastq,16272
,D18-2675_CAT_GXC.matched.fastq,38917
,D18-2675_CAT_GXG.matched.fastq,3814
,D18-2675_CAT_GXT.matched.fastq,54494
,D18-2675_CAT_TXA.matched.fastq,57393
,D18-2675_CAT_TXC.matched.fastq,36472
,D18-2675_CAT_TXG.matched.fastq,27074
,D18-2675_CAT_TXT.matched.fastq,40036
,D18-2675_CGG_AXA.matched.fastq,19015
,D18-2675_CGG_AXC.matched.fastq,14825
,D18-2675_CGG_AXG.matched.fastq,12087
,D18-2675_CGG_AXT.matched.fastq,17194
,D18-2675_CGG_CXA.matched.fastq,14749
,D18-2675_CGG_CXC.matched.fastq,10896
,D18-2675_CGG_CXG.matched.fastq,10530
,D18-2675_CGG_CXT.matched.fastq,16852
,D18-2675_CGG_GXA.matched.fastq,10958
,D18-2675_CGG_GXC.matched.fastq,12897
,D18-2675_CGG_GXG.matched.fastq,8413
,D18-2675_CGG_GXT.matched.fastq,13119
,D18-2675_CGG_TXA.matched.fastq,20418
,D18-2675_CGG_TXC.matched.fastq,13968
,D18-2675_CGG_TXG.matched.fastq,13929
,D18-2675_CGG_TXT.matched.fastq,20625
,D18-2675_GGC_AXA.matched.fastq,41400
,D18-2675_GGC_AXC.matched.fastq,41412
,D18-2675_GGC_AXG.matched.fastq,18795
,D18-2675_GGC_AXT.matched.fastq,44559
,D18-2675_GGC_CXA.matched.fastq,21695
,D18-2675_GGC_CXC.matched.fastq,23632
,D18-2675_GGC_CXG.matched.fastq,3559
,D18-2675_GGC_CXT.matched.fastq,30380
,D18-2675_GGC_GXA.matched.fastq,14094
,D18-2675_GGC_GXC.matched.fastq,38835
,D18-2675_GGC_GXG.matched.fastq,5886
,D18-2675_GGC_GXT.matched.fastq,46980
,D18-2675_GGC_TXA.matched.fastq,64836
,D18-2675_GGC_TXC.matched.fastq,37756
,D18-2675_GGC_TXG.matched.fastq,11469
,D18-2675_GGC_TXT.matched.fastq,14034
,D18-2675_TAG_AXA.matched.fastq,30
,D18-2675_TAG_AXG.matched.fastq,2
,D18-2675_TAG_AXT.matched.fastq,38
,D18-2675_TAG_CXA.matched.fastq,29
,D18-2675_TAG_CXC.matched.fastq,2
,D18-2675_TAG_CXG.matched.fastq,17
,D18-2675_TAG_CXT.matched.fastq,16
,D18-2675_TAG_GXT.matched.fastq,2
,D18-2675_TAG_TXA.matched.fastq,51
,D18-2675_TAG_TXC.matched.fastq,23
,D18-2675_TAG_TXG.matched.fastq,23
,D18-2675_TAG_TXT.matched.fastq,38
D18-2676,,
,180327Ess_D18-2676_1P.fastq,8180484
,180327Ess_D18-2676_2P.fastq,8180484
,180327Ess_D18-2676.assembled.fastq,4981644
,180327Ess_D18-2676.unassembled.forward.fastq,3198840
,180327Ess_D18-2676.unassembled.reverse.fastq,3198840
,D18-2676_AAC_TXT.matched.fastq,782
,D18-2676_ACT_TXT.matched.fastq,190836
,D18-2676_AGA_TXT.matched.fastq,70299
,D18-2676_ATG_TXT.matched.fastq,7
,D18-2676_CAT_TXT.matched.fastq,3144
,D18-2676_CGG_TXT.matched.fastq,93380
,D18-2676_GGC_TXT.matched.fastq,178041
,D18-2676_TAG_TXT.matched.fastq,9
D18-2677,,
,180327Ess_D18-2677_1P.fastq,9420959
,180327Ess_D18-2677_2P.fastq,9420959
,180327Ess_D18-2677.assembled.fastq,5883265
,180327Ess_D18-2677.unassembled.forward.fastq,3537694
,180327Ess_D18-2677.unassembled.reverse.fastq,3537694
,D18-2677_AAC_TXA.matched.fastq,24955
,D18-2677_AAC_TXC.matched.fastq,74922
,D18-2677_AAC_TXG.matched.fastq,34189
,D18-2677_AAC_TXT.matched.fastq,119897
,D18-2677_ACT_TXA.matched.fastq,149435
,D18-2677_ACT_TXC.matched.fastq,119955
,D18-2677_ACT_TXG.matched.fastq,128924
,D18-2677_ACT_TXT.matched.fastq,122157
,D18-2677_AGA_TXA.matched.fastq,3
,D18-2677_AGA_TXC.matched.fastq,8
,D18-2677_AGA_TXG.matched.fastq,3
,D18-2677_AGA_TXT.matched.fastq,79
,D18-2677_ATG_TXG.matched.fastq,1
,D18-2677_ATG_TXT.matched.fastq,1
,D18-2677_CAT_TXA.matched.fastq,149072
,D18-2677_CAT_TXC.matched.fastq,109180
,D18-2677_CAT_TXG.matched.fastq,137865
,D18-2677_CAT_TXT.matched.fastq,110638
,D18-2677_CGG_TXA.matched.fastq,23452
,D18-2677_CGG_TXC.matched.fastq,64379
,D18-2677_CGG_TXG.matched.fastq,41530
,D18-2677_CGG_TXT.matched.fastq,98956
,D18-2677_GGC_TXA.matched.fastq,120835
,D18-2677_GGC_TXC.matched.fastq,92652
,D18-2677_GGC_TXG.matched.fastq,127527
,D18-2677_GGC_TXT.matched.fastq,69109
,D18-2677_TAG_TXA.matched.fastq,22
,D18-2677_TAG_TXC.matched.fastq,58
,D18-2677_TAG_TXG.matched.fastq,69
,D18-2677_TAG_TXT.matched.fastq,260
D18-2678,,
,180327Ess_D18-2678_1P.fastq,8103740
,180327Ess_D18-2678_2P.fastq,8103740
,180327Ess_D18-2678.assembled.fastq,5560727
,180327Ess_D18-2678.unassembled.forward.fastq,2543013
,180327Ess_D18-2678.unassembled.reverse.fastq,2543013
,D18-2678_AAC_AXGA.matched.fastq,11847
,D18-2678_AAC_AXGC.matched.fastq,5960
,D18-2678_AAC_AXGG.matched.fastq,12697
,D18-2678_AAC_AXGT.matched.fastq,9916
,D18-2678_AAC_CXGA.matched.fastq,37056
,D18-2678_AAC_CXGC.matched.fastq,28952
,D18-2678_AAC_CXGG.matched.fastq,7156
,D18-2678_AAC_CXGT.matched.fastq,8440
,D18-2678_AAC_GXGA.matched.fastq,34486
,D18-2678_AAC_GXGC.matched.fastq,28455
,D18-2678_AAC_GXGG.matched.fastq,3458
,D18-2678_AAC_GXGT.matched.fastq,519
,D18-2678_AAC_TXGA.matched.fastq,38
,D18-2678_AAC_TXGC.matched.fastq,20
,D18-2678_AAC_TXGG.matched.fastq,8149
,D18-2678_AAC_TXGT.matched.fastq,55
,D18-2678_ACT_AXGA.matched.fastq,73953
,D18-2678_ACT_AXGC.matched.fastq,28972
,D18-2678_ACT_AXGG.matched.fastq,16404
,D18-2678_ACT_AXGT.matched.fastq,252
,D18-2678_ACT_CXGA.matched.fastq,37394
,D18-2678_ACT_CXGC.matched.fastq,22186
,D18-2678_ACT_CXGG.matched.fastq,6299
,D18-2678_ACT_CXGT.matched.fastq,545
,D18-2678_ACT_GXGA.matched.fastq,55185
,D18-2678_ACT_GXGC.matched.fastq,24492
,D18-2678_ACT_GXGG.matched.fastq,12960
,D18-2678_ACT_GXGT.matched.fastq,1242
,D18-2678_ACT_TXGA.matched.fastq,49575
,D18-2678_ACT_TXGC.matched.fastq,27799
,D18-2678_ACT_TXGG.matched.fastq,9919
,D18-2678_ACT_TXGT.matched.fastq,1296
,D18-2678_AGA_AXGA.matched.fastq,5888
,D18-2678_AGA_AXGC.matched.fastq,4788
,D18-2678_AGA_AXGG.matched.fastq,9305
,D18-2678_AGA_AXGT.matched.fastq,6913
,D18-2678_AGA_CXGA.matched.fastq,28701
,D18-2678_AGA_CXGC.matched.fastq,17738
,D18-2678_AGA_CXGG.matched.fastq,4124
,D18-2678_AGA_CXGT.matched.fastq,6639
,D18-2678_AGA_GXGA.matched.fastq,23466
,D18-2678_AGA_GXGC.matched.fastq,21461
,D18-2678_AGA_GXGG.matched.fastq,2011
,D18-2678_AGA_GXGT.matched.fastq,297
,D18-2678_AGA_TXGA.matched.fastq,13
,D18-2678_AGA_TXGC.matched.fastq,13
,D18-2678_AGA_TXGG.matched.fastq,6408
,D18-2678_AGA_TXGT.matched.fastq,130
,D18-2678_ATG_AXGG.matched.fastq,1
,D18-2678_CAT_AXGA.matched.fastq,55329
,D18-2678_CAT_AXGC.matched.fastq,20306
,D18-2678_CAT_AXGG.matched.fastq,11059
,D18-2678_CAT_AXGT.matched.fastq,14
,D18-2678_CAT_CXGA.matched.fastq,22684
,D18-2678_CAT_CXGC.matched.fastq,17510
,D18-2678_CAT_CXGG.matched.fastq,8329
,D18-2678_CAT_CXGT.matched.fastq,287
,D18-2678_CAT_GXGA.matched.fastq,50009
,D18-2678_CAT_GXGC.matched.fastq,25417
,D18-2678_CAT_GXGG.matched.fastq,5044
,D18-2678_CAT_GXGT.matched.fastq,29
,D18-2678_CAT_TXGA.matched.fastq,33309
,D18-2678_CAT_TXGC.matched.fastq,18331
,D18-2678_CAT_TXGG.matched.fastq,6825
,D18-2678_CAT_TXGT.matched.fastq,932
,D18-2678_CGG_AXGA.matched.fastq,9899
,D18-2678_CGG_AXGC.matched.fastq,4423
,D18-2678_CGG_AXGG.matched.fastq,9279
,D18-2678_CGG_AXGT.matched.fastq,5146
,D18-2678_CGG_CXGA.matched.fastq,18853
,D18-2678_CGG_CXGC.matched.fastq,7773
,D18-2678_CGG_CXGG.matched.fastq,5279
,D18-2678_CGG_CXGT.matched.fastq,6527
,D18-2678_CGG_GXGA.matched.fastq,28229
,D18-2678_CGG_GXGC.matched.fastq,23186
,D18-2678_CGG_GXGG.matched.fastq,3112
,D18-2678_CGG_GXGT.matched.fastq,540
,D18-2678_CGG_TXGA.matched.fastq,20
,D18-2678_CGG_TXGC.matched.fastq,9
,D18-2678_CGG_TXGG.matched.fastq,6935
,D18-2678_CGG_TXGT.matched.fastq,2
,D18-2678_GGC_AXGA.matched.fastq,52821
,D18-2678_GGC_AXGC.matched.fastq,27268
,D18-2678_GGC_AXGG.matched.fastq,14588
,D18-2678_GGC_AXGT.matched.fastq,389
,D18-2678_GGC_CXGA.matched.fastq,30326
,D18-2678_GGC_CXGC.matched.fastq,13977
,D18-2678_GGC_CXGG.matched.fastq,4646
,D18-2678_GGC_CXGT.matched.fastq,8
,D18-2678_GGC_GXGA.matched.fastq,48198
,D18-2678_GGC_GXGC.matched.fastq,32371
,D18-2678_GGC_GXGG.matched.fastq,10294
,D18-2678_GGC_GXGT.matched.fastq,34
,D18-2678_GGC_TXGA.matched.fastq,41443
,D18-2678_GGC_TXGC.matched.fastq,21831
,D18-2678_GGC_TXGG.matched.fastq,6378
,D18-2678_GGC_TXGT.matched.fastq,2029
,D18-2678_TAG_AXGA.matched.fastq,3
,D18-2678_TAG_AXGC.matched.fastq,2
,D18-2678_TAG_AXGG.matched.fastq,5
,D18-2678_TAG_CXGA.matched.fastq,64
,D18-2678_TAG_CXGC.matched.fastq,7
,D18-2678_TAG_CXGG.matched.fastq,3
,D18-2678_TAG_CXGT.matched.fastq,1
,D18-2678_TAG_GXGA.matched.fastq,38
,D18-2678_TAG_GXGC.matched.fastq,24
,D18-2678_TAG_TXGG.matched.fastq,13
D18-2679,,
,180327Ess_D18-2679_1P.fastq,6671758
,180327Ess_D18-2679_2P.fastq,6671758
,180327Ess_D18-2679.assembled.fastq,4645771
,180327Ess_D18-2679.unassembled.forward.fastq,2025987
,180327Ess_D18-2679.unassembled.reverse.fastq,2025987
,D18-2679_AAC_AXA.matched.fastq,11634
,D18-2679_AAC_AXC.matched.fastq,9433
,D18-2679_AAC_AXG.matched.fastq,7695
,D18-2679_AAC_AXT.matched.fastq,11288
,D18-2679_AAC_CXA.matched.fastq,9730
,D18-2679_AAC_CXC.matched.fastq,6601
,D18-2679_AAC_CXG.matched.fastq,6330
,D18-2679_AAC_CXT.matched.fastq,12048
,D18-2679_AAC_GXA.matched.fastq,6069
,D18-2679_AAC_GXC.matched.fastq,7228
,D18-2679_AAC_GXG.matched.fastq,5278
,D18-2679_AAC_GXT.matched.fastq,10114
,D18-2679_AAC_TXA.matched.fastq,14188
,D18-2679_AAC_TXC.matched.fastq,10402
,D18-2679_AAC_TXG.matched.fastq,8511
,D18-2679_AAC_TXT.matched.fastq,13315
,D18-2679_ACT_AXA.matched.fastq,23988
,D18-2679_ACT_AXC.matched.fastq,21638
,D18-2679_ACT_AXG.matched.fastq,13885
,D18-2679_ACT_AXT.matched.fastq,24935
,D18-2679_ACT_CXA.matched.fastq,24706
,D18-2679_ACT_CXC.matched.fastq,17944
,D18-2679_ACT_CXG.matched.fastq,6733
,D18-2679_ACT_CXT.matched.fastq,21577
,D18-2679_ACT_GXA.matched.fastq,7187
,D18-2679_ACT_GXC.matched.fastq,19283
,D18-2679_ACT_GXG.matched.fastq,2939
,D18-2679_ACT_GXT.matched.fastq,25710
,D18-2679_ACT_TXA.matched.fastq,28199
,D18-2679_ACT_TXC.matched.fastq,21592
,D18-2679_ACT_TXG.matched.fastq,10803
,D18-2679_ACT_TXT.matched.fastq,14201
,D18-2679_AGA_AXA.matched.fastq,13192
,D18-2679_AGA_AXC.matched.fastq,10188
,D18-2679_AGA_AXG.matched.fastq,7694
,D18-2679_AGA_AXT.matched.fastq,13220
,D18-2679_AGA_CXA.matched.fastq,12273
,D18-2679_AGA_CXC.matched.fastq,8632
,D18-2679_AGA_CXG.matched.fastq,6357
,D18-2679_AGA_CXT.matched.fastq,14832
,D18-2679_AGA_GXA.matched.fastq,7670
,D18-2679_AGA_GXC.matched.fastq,8469
,D18-2679_AGA_GXG.matched.fastq,7317
,D18-2679_AGA_GXT.matched.fastq,12244
,D18-2679_AGA_TXA.matched.fastq,16404
,D18-2679_AGA_TXC.matched.fastq,11443
,D18-2679_AGA_TXG.matched.fastq,10670
,D18-2679_AGA_TXT.matched.fastq,16518
,D18-2679_ATG_AXA.matched.fastq,1
,D18-2679_ATG_CXT.matched.fastq,1
,D18-2679_ATG_TXT.matched.fastq,1
,D18-2679_CAT_AXA.matched.fastq,34575
,D18-2679_CAT_AXC.matched.fastq,26256
,D18-2679_CAT_AXG.matched.fastq,16933
,D18-2679_CAT_AXT.matched.fastq,33048
,D18-2679_CAT_CXA.matched.fastq,21513
,D18-2679_CAT_CXC.matched.fastq,16628
,D18-2679_CAT_CXG.matched.fastq,8882
,D18-2679_CAT_CXT.matched.fastq,23582
,D18-2679_CAT_GXA.matched.fastq,7902
,D18-2679_CAT_GXC.matched.fastq,17936
,D18-2679_CAT_GXG.matched.fastq,2123
,D18-2679_CAT_GXT.matched.fastq,25854
,D18-2679_CAT_TXA.matched.fastq,30313
,D18-2679_CAT_TXC.matched.fastq,20197
,D18-2679_CAT_TXG.matched.fastq,13395
,D18-2679_CAT_TXT.matched.fastq,20804
,D18-2679_CGG_AXA.matched.fastq,12574
,D18-2679_CGG_AXC.matched.fastq,9848
,D18-2679_CGG_AXG.matched.fastq,9745
,D18-2679_CGG_AXT.matched.fastq,13195
,D18-2679_CGG_CXA.matched.fastq,10380
,D18-2679_CGG_CXC.matched.fastq,8590
,D18-2679_CGG_CXG.matched.fastq,9034
,D18-2679_CGG_CXT.matched.fastq,11560
,D18-2679_CGG_GXA.matched.fastq,5988
,D18-2679_CGG_GXC.matched.fastq,8063
,D18-2679_CGG_GXG.matched.fastq,5826
,D18-2679_CGG_GXT.matched.fastq,13180
,D18-2679_CGG_TXA.matched.fastq,16094
,D18-2679_CGG_TXC.matched.fastq,7838
,D18-2679_CGG_TXG.matched.fastq,10238
,D18-2679_CGG_TXT.matched.fastq,12515
,D18-2679_GGC_AXA.matched.fastq,45352
,D18-2679_GGC_AXC.matched.fastq,25115
,D18-2679_GGC_AXG.matched.fastq,13788
,D18-2679_GGC_AXT.matched.fastq,20876
,D18-2679_GGC_CXA.matched.fastq,11402
,D18-2679_GGC_CXC.matched.fastq,22924
,D18-2679_GGC_CXG.matched.fastq,3763
,D18-2679_GGC_CXT.matched.fastq,46101
,D18-2679_GGC_GXA.matched.fastq,10768
,D18-2679_GGC_GXC.matched.fastq,23940
,D18-2679_GGC_GXG.matched.fastq,4563
,D18-2679_GGC_GXT.matched.fastq,34805
,D18-2679_GGC_TXA.matched.fastq,24322
,D18-2679_GGC_TXC.matched.fastq,31832
,D18-2679_GGC_TXG.matched.fastq,11418
,D18-2679_GGC_TXT.matched.fastq,21854
,D18-2679_TAG_AXA.matched.fastq,8
,D18-2679_TAG_AXG.matched.fastq,5
,D18-2679_TAG_AXT.matched.fastq,10
,D18-2679_TAG_CXA.matched.fastq,3
,D18-2679_TAG_CXT.matched.fastq,7
,D18-2679_TAG_GXA.matched.fastq,7
,D18-2679_TAG_GXG.matched.fastq,1
,D18-2679_TAG_TXT.matched.fastq,46
D18-2680,,
,180327Ess_D18-2680_1P.fastq,8489529
,180327Ess_D18-2680_2P.fastq,8489529
,180327Ess_D18-2680.assembled.fastq,5971476
,180327Ess_D18-2680.unassembled.forward.fastq,2518053
,180327Ess_D18-2680.unassembled.reverse.fastq,2518053
,D18-2680_AAC_TXT.matched.fastq,661
,D18-2680_ACT_TXT.matched.fastq,151734
,D18-2680_AGA_TXT.matched.fastq,67070
,D18-2680_ATG_TXT.matched.fastq,22
,D18-2680_CAT_TXT.matched.fastq,808
,D18-2680_CGG_TXT.matched.fastq,85582
,D18-2680_GGC_TXT.matched.fastq,171726
,D18-2680_TAG_TXT.matched.fastq,16
D18-2681,,
,180327Ess_D18-2681_1P.fastq,14645030
,180327Ess_D18-2681_2P.fastq,14645030
,180327Ess_D18-2681.assembled.fastq,11138086
,180327Ess_D18-2681.unassembled.forward.fastq,3506944
,180327Ess_D18-2681.unassembled.reverse.fastq,3506944
,D18-2681_AAC_TXA.matched.fastq,29714
,D18-2681_AAC_TXC.matched.fastq,93093
,D18-2681_AAC_TXG.matched.fastq,43492
,D18-2681_AAC_TXT.matched.fastq,149634
,D18-2681_ACT_TXA.matched.fastq,170931
,D18-2681_ACT_TXC.matched.fastq,148672
,D18-2681_ACT_TXG.matched.fastq,167043
,D18-2681_ACT_TXT.matched.fastq,151721
,D18-2681_AGA_TXA.matched.fastq,30380
,D18-2681_AGA_TXC.matched.fastq,92648
,D18-2681_AGA_TXG.matched.fastq,38354
,D18-2681_AGA_TXT.matched.fastq,137576
,D18-2681_ATG_TXC.matched.fastq,1
,D18-2681_ATG_TXT.matched.fastq,2
,D18-2681_CAT_TXA.matched.fastq,117853
,D18-2681_CAT_TXC.matched.fastq,80126
,D18-2681_CAT_TXG.matched.fastq,116579
,D18-2681_CAT_TXT.matched.fastq,90958
,D18-2681_CGG_TXA.matched.fastq,29980
,D18-2681_CGG_TXC.matched.fastq,99561
,D18-2681_CGG_TXG.matched.fastq,58740
,D18-2681_CGG_TXT.matched.fastq,158099
,D18-2681_GGC_TXA.matched.fastq,173591
,D18-2681_GGC_TXC.matched.fastq,155039
,D18-2681_GGC_TXG.matched.fastq,155525
,D18-2681_GGC_TXT.matched.fastq,131674
,D18-2681_TAG_TXA.matched.fastq,26
,D18-2681_TAG_TXC.matched.fastq,212
,D18-2681_TAG_TXG.matched.fastq,28
,D18-2681_TAG_TXT.matched.fastq,210
D18-2682,,
,180327Ess_D18-2682_1P.fastq,9528938
,180327Ess_D18-2682_2P.fastq,9528938
,180327Ess_D18-2682.assembled.fastq,6704045
,180327Ess_D18-2682.unassembled.forward.fastq,2824893
,180327Ess_D18-2682.unassembled.reverse.fastq,2824893
,D18-2682_AAC_AXGA.matched.fastq,15871
,D18-2682_AAC_AXGC.matched.fastq,9025
,D18-2682_AAC_AXGG.matched.fastq,15432
,D18-2682_AAC_AXGT.matched.fastq,11780
,D18-2682_AAC_CXGA.matched.fastq,46403
,D18-2682_AAC_CXGC.matched.fastq,36720
,D18-2682_AAC_CXGG.matched.fastq,8098
,D18-2682_AAC_CXGT.matched.fastq,9519
,D18-2682_AAC_GXGA.matched.fastq,47495
,D18-2682_AAC_GXGC.matched.fastq,36858
,D18-2682_AAC_GXGG.matched.fastq,5018
,D18-2682_AAC_GXGT.matched.fastq,566
,D18-2682_AAC_TXGA.matched.fastq,35
,D18-2682_AAC_TXGC.matched.fastq,26
,D18-2682_AAC_TXGG.matched.fastq,11036
,D18-2682_AAC_TXGT.matched.fastq,55
,D18-2682_ACT_AXGA.matched.fastq,50
,D18-2682_ACT_AXGC.matched.fastq,4
,D18-2682_ACT_AXGG.matched.fastq,2
,D18-2682_ACT_CXGA.matched.fastq,21
,D18-2682_ACT_CXGC.matched.fastq,3
,D18-2682_ACT_CXGG.matched.fastq,2
,D18-2682_ACT_GXGA.matched.fastq,477
,D18-2682_ACT_GXGC.matched.fastq,607
,D18-2682_ACT_GXGG.matched.fastq,2
,D18-2682_ACT_TXGA.matched.fastq,8
,D18-2682_ACT_TXGC.matched.fastq,3
,D18-2682_ACT_TXGG.matched.fastq,1603
,D18-2682_AGA_AXGA.matched.fastq,16716
,D18-2682_AGA_AXGC.matched.fastq,7608
,D18-2682_AGA_AXGG.matched.fastq,14445
,D18-2682_AGA_AXGT.matched.fastq,15588
,D18-2682_AGA_CXGA.matched.fastq,48887
,D18-2682_AGA_CXGC.matched.fastq,37720
,D18-2682_AGA_CXGG.matched.fastq,10120
,D18-2682_AGA_CXGT.matched.fastq,10413
,D18-2682_AGA_GXGA.matched.fastq,40516
,D18-2682_AGA_GXGC.matched.fastq,32498
,D18-2682_AGA_GXGG.matched.fastq,4974
,D18-2682_AGA_GXGT.matched.fastq,472
,D18-2682_AGA_TXGA.matched.fastq,34
,D18-2682_AGA_TXGC.matched.fastq,18
,D18-2682_AGA_TXGG.matched.fastq,12322
,D18-2682_AGA_TXGT.matched.fastq,8
,D18-2682_CAT_AXGA.matched.fastq,70972
,D18-2682_CAT_AXGC.matched.fastq,34650
,D18-2682_CAT_AXGG.matched.fastq,15268
,D18-2682_CAT_AXGT.matched.fastq,76
,D18-2682_CAT_CXGA.matched.fastq,36459
,D18-2682_CAT_CXGC.matched.fastq,21159
,D18-2682_CAT_CXGG.matched.fastq,7232
,D18-2682_CAT_CXGT.matched.fastq,14
,D18-2682_CAT_GXGA.matched.fastq,36482
,D18-2682_CAT_GXGC.matched.fastq,34627
,D18-2682_CAT_GXGG.matched.fastq,6480
,D18-2682_CAT_GXGT.matched.fastq,13
,D18-2682_CAT_TXGA.matched.fastq,57295
,D18-2682_CAT_TXGC.matched.fastq,37396
,D18-2682_CAT_TXGG.matched.fastq,29005
,D18-2682_CAT_TXGT.matched.fastq,18
,D18-2682_CGG_AXGA.matched.fastq,1
,D18-2682_CGG_AXGC.matched.fastq,1
,D18-2682_CGG_AXGG.matched.fastq,51
,D18-2682_CGG_AXGT.matched.fastq,2
,D18-2682_CGG_CXGA.matched.fastq,3
,D18-2682_CGG_CXGC.matched.fastq,2
,D18-2682_CGG_CXGG.matched.fastq,1552
,D18-2682_CGG_CXGT.matched.fastq,1
,D18-2682_CGG_GXGA.matched.fastq,5
,D18-2682_CGG_GXGC.matched.fastq,529
,D18-2682_CGG_TXGC.matched.fastq,1
,D18-2682_CGG_TXGG.matched.fastq,178
,D18-2682_GGC_AXGA.matched.fastq,94883
,D18-2682_GGC_AXGC.matched.fastq,39600
,D18-2682_GGC_AXGG.matched.fastq,8325
,D18-2682_GGC_AXGT.matched.fastq,18
,D18-2682_GGC_CXGA.matched.fastq,44986
,D18-2682_GGC_CXGC.matched.fastq,22092
,D18-2682_GGC_CXGG.matched.fastq,5215
,D18-2682_GGC_CXGT.matched.fastq,946
,D18-2682_GGC_GXGA.matched.fastq,66622
,D18-2682_GGC_GXGC.matched.fastq,24464
,D18-2682_GGC_GXGG.matched.fastq,18744
,D18-2682_GGC_GXGT.matched.fastq,107
,D18-2682_GGC_TXGA.matched.fastq,62675
,D18-2682_GGC_TXGC.matched.fastq,39756
,D18-2682_GGC_TXGG.matched.fastq,7448
,D18-2682_GGC_TXGT.matched.fastq,570
,D18-2682_TAG_AXGG.matched.fastq,5
,D18-2682_TAG_CXGA.matched.fastq,29
,D18-2682_TAG_CXGC.matched.fastq,5
,D18-2682_TAG_CXGG.matched.fastq,1
,D18-2682_TAG_GXGA.matched.fastq,30
,D18-2682_TAG_GXGC.matched.fastq,73

Barcode,Total Read Count,Percentage
AAC,3848866,10
ACT,9079828,24
AGA,3821546,10
ATG,181,0
CAT,7357379,19
CGG,4024788,10
GGC,9305579,24
TAG,4539,0
